"additionalInfo/Accesibilidad/0/Entrada accesible para personas en silla de ruedas","additionalInfo/Accesibilidad/0/Espacio accesible para personas en silla de ruedas","additionalInfo/Accesibilidad/0/Estacionamiento accesible para personas en silla de ruedas","additionalInfo/Accesibilidad/1/Estacionamiento accesible para personas en silla de ruedas","additionalInfo/Aspectos destacados/0/Buenos productos frescos","additionalInfo/Estacionamiento/0/Estacionamiento en el lugar","additionalInfo/Estacionamiento/1/Estacionamiento gratuito","additionalInfo/Estacionamiento/2/Estacionamiento gratuito en la calle","additionalInfo/Opciones de servicio/0/Citas en línea","additionalInfo/Opciones de servicio/0/Entrega a domicilio","additionalInfo/Opciones de servicio/0/Entrega el mismo día","additionalInfo/Opciones de servicio/0/Entrega sin contacto","additionalInfo/Opciones de servicio/0/Retiros en la puerta","additionalInfo/Opciones de servicio/0/Servicios en el lugar","additionalInfo/Opciones de servicio/1/Compras en tienda","additionalInfo/Opciones de servicio/1/Entrega a domicilio","additionalInfo/Opciones de servicio/1/Entrega el mismo día","additionalInfo/Opciones de servicio/1/Entrega sin contacto","additionalInfo/Opciones de servicio/1/Retiro en tienda","additionalInfo/Opciones de servicio/2/Compras en tienda","additionalInfo/Opciones de servicio/2/Entrega a domicilio","additionalInfo/Opciones de servicio/2/Entrega el mismo día","additionalInfo/Opciones de servicio/2/Retiro en tienda","additionalInfo/Opciones de servicio/2/Servicios en el lugar","additionalInfo/Opciones de servicio/3/Compras en tienda","additionalInfo/Opciones de servicio/3/Entrega el mismo día","additionalInfo/Opciones de servicio/3/Retiro en tienda","additionalInfo/Opciones de servicio/3/Servicios en el lugar","additionalInfo/Opciones de servicio/4/Citas en línea","additionalInfo/Opciones de servicio/4/Compras en tienda","additionalInfo/Opciones de servicio/4/Entrega el mismo día","additionalInfo/Opciones de servicio/4/Servicios en el lugar","additionalInfo/Opciones de servicio/5/Entrega el mismo día","additionalInfo/Pagos/0/Cheques","additionalInfo/Pagos/0/Pagos móviles mediante NFC","additionalInfo/Pagos/0/Tarjetas de crédito","additionalInfo/Pagos/0/Tarjetas de débito","additionalInfo/Pagos/1/Pagos móviles mediante NFC","additionalInfo/Pagos/1/Tarjetas de crédito","additionalInfo/Pagos/1/Tarjetas de débito","additionalInfo/Pagos/2/Tarjetas de crédito","additionalInfo/Pagos/2/Tarjetas de débito","additionalInfo/Pagos/3/Tarjetas de crédito","additionalInfo/Pagos/3/Tarjetas de débito","additionalInfo/Pagos/4/Tarjetas de crédito","additionalInfo/Planificación/0/Se recomienda concertar cita","additionalInfo/Planificación/0/Se requiere una cita","additionalInfo/Planificación/0/Visita rápida","additionalInfo/Público usual/0/Amigable con LGBTQ+","additionalInfo/Público usual/1/Espacio seguro para personas transgénero","additionalInfo/Qué ofrece/0/Comida","additionalInfo/Qué ofrece/0/Servicio de armado","additionalInfo/Qué ofrece/0/Servicios de reparación","additionalInfo/Qué ofrece/1/Comida preparada","additionalInfo/Qué ofrece/1/Productos orgánicos","additionalInfo/Qué ofrece/1/Servicios de reparación","additionalInfo/Qué ofrece/2/Productos orgánicos","additionalInfo/Reciclaje/0/Baterías","additionalInfo/Reciclaje/0/Dispositivos electrónicos","additionalInfo/Servicios/0/Sanitario","additionalInfo/Servicios/0/Sanitarios unisex","additionalInfo/Servicios/0/Wi-Fi","additionalInfo/Servicios/1/Tiene Wi-Fi gratis","additionalInfo/Servicios/1/Tiene Wi-Fi pago","additionalInfo/Servicios/1/Wi-Fi","additionalInfo/Servicios/2/Tiene Wi-Fi gratis","additionalOpeningHours/Horario de atención en línea/0/day","additionalOpeningHours/Horario de atención en línea/0/hours","additionalOpeningHours/Horario de atención en línea/1/day","additionalOpeningHours/Horario de atención en línea/1/hours","additionalOpeningHours/Horario de atención en línea/2/day","additionalOpeningHours/Horario de atención en línea/2/hours","additionalOpeningHours/Horario de atención en línea/3/day","additionalOpeningHours/Horario de atención en línea/3/hours","additionalOpeningHours/Horario de atención en línea/4/day","additionalOpeningHours/Horario de atención en línea/4/hours","additionalOpeningHours/Horario de atención en línea/5/day","additionalOpeningHours/Horario de atención en línea/5/hours","additionalOpeningHours/Horario de atención en línea/6/day","additionalOpeningHours/Horario de atención en línea/6/hours","additionalOpeningHours/Retiro/0/day","additionalOpeningHours/Retiro/0/hours","additionalOpeningHours/Retiro/1/day","additionalOpeningHours/Retiro/1/hours","additionalOpeningHours/Retiro/2/day","additionalOpeningHours/Retiro/2/hours","additionalOpeningHours/Retiro/3/day","additionalOpeningHours/Retiro/3/hours","additionalOpeningHours/Retiro/4/day","additionalOpeningHours/Retiro/4/hours","additionalOpeningHours/Retiro/5/day","additionalOpeningHours/Retiro/5/hours","additionalOpeningHours/Retiro/6/day","additionalOpeningHours/Retiro/6/hours","address","categories/0","categories/1","categories/2","categories/3","categories/4","categories/5","categories/6","categories/7","categories/8","categoryName","cid","city","claimThisBusiness","countryCode","fid","googleFoodUrl","imageUrl","imagesCount","isAdvertisement","kgmid","language","location/lat","location/lng","neighborhood","openingHours/0/day","openingHours/0/hours","openingHours/1/day","openingHours/1/hours","openingHours/2/day","openingHours/2/hours","openingHours/3/day","openingHours/3/hours","openingHours/4/day","openingHours/4/hours","openingHours/5/day","openingHours/5/hours","openingHours/6/day","openingHours/6/hours","permanentlyClosed","phone","phoneUnformatted","placeId","postalCode","price","rank","reviewsCount","reviewsDistribution/fiveStar","reviewsDistribution/fourStar","reviewsDistribution/oneStar","reviewsDistribution/threeStar","reviewsDistribution/twoStar","scrapedAt","searchPageUrl","searchString","state","street","temporarilyClosed","title","totalScore","url","website"
"true",,,,,,,,,,,,,,,,,,,,,,,,,,,,,,,,,,,,,,,,,,,,,,,,,,,,,,,,,,,,,,,,,,,,,,,,,,,,,,,,,,,,,,,,,,,,,,"Colectora Nte. L. M. Macaya 1055, B7000 Tandil, Provincia de Buenos Aires, Argentina","Taller mecánico","Tienda de accesorios para camiones",,,,,,,,"Taller mecánico","9715796393412355156","Tandil","false","AR","0x95911ffa194ffa49:0x86d57157e35d6454",,"https://lh3.googleusercontent.com/p/AF1QipNzIILmNGbBeNa03WpiQB40hARvMfOQRudklYCh=w408-h328-k-no","25","false","/g/11hcxnnfpc","es-419","-37.3109357","-59.1141562",,"miércoles","8 AM to 5 PM","jueves","8 AM to 5 PM","viernes","8 AM to 5 PM","sábado","Cerrado","domingo","Cerrado","lunes","8 AM to 5 PM","martes","8 AM to 5 PM","false","+54 249 434-0599","+542494340599","ChIJSfpPGfofkZURVGRd41dx1YY","B7000",,"1","24",,,,,,"2025-05-28T23:28:48.648Z","https://www.google.com/maps/search/electronica,%20tienda/@-37.31494263679804,-59.10077660858098,16z?hl=es-419","electronica, tienda","Provincia de Buenos Aires","Colectora Nte. L. M. Macaya 1055","false","Electronica Montiel","4.8","https://www.google.com/maps/search/?api=1&query=Electronica%20Montiel&query_place_id=ChIJSfpPGfofkZURVGRd41dx1YY",
,,"false",,,,,,,"true",,,,,,,,,"true","true",,,,,,"true",,,,,,,,,"true",,,,"true",,,"true",,,,,,"true",,,,,,,,,,,,,,,,,,,,,,,,,,,,,,,,,,,,,,,,,,,,,,,"Gral. Rodríguez 1316, B7000 Tandil, Provincia de Buenos Aires, Argentina","Tienda de electrónica",,,,,,,,,"Tienda de electrónica","785771602965460442","Tandil","false","AR","0x95911f86f40cc2c9:0xae79f1c155875da",,"https://lh3.googleusercontent.com/p/AF1QipMF8NwCP09W2XoBBglh0Q9gypo5wRkb3dLJwOkA=w426-h240-k-no","313","false","/g/11cs22d1h9","es-419","-37.3178271","-59.1419635",,"miércoles","8:30 AM to 12:30 PM, 3:30 to 7:30 PM","jueves","8:30 AM to 12:30 PM, 3:30 to 7:30 PM","viernes","8:30 AM to 12:30 PM, 3:30 to 7:30 PM","sábado","9 AM to 1 PM","domingo","Cerrado","lunes","8:30 AM to 12:30 PM, 3:30 to 7:30 PM","martes","8:30 AM to 12:30 PM, 3:30 to 7:30 PM","false","+54 249 457-3257","+542494573257","ChIJycIM9IYfkZUR2nVYFRyf5wo",,,"2","673",,,,,,"2025-05-28T23:28:48.649Z","https://www.google.com/maps/search/electronica,%20tienda/@-37.31494263679804,-59.10077660858098,16z?hl=es-419","electronica, tienda","Provincia de Buenos Aires","Gral. Rodríguez 1316","false","Roqui Electronica","4.3","https://www.google.com/maps/search/?api=1&query=Roqui%20Electronica&query_place_id=ChIJycIM9IYfkZUR2nVYFRyf5wo","http://www.facebook.com/roqui.electronica"
,,,,,,,,,,,,,,,,,,,,,,,,,,,,,,,,,,,,,,,,,,,,,,,,,,,,,,,,,,,,,,,,,,,,,,,,,,,,,,,,,,,,,,,,,,,,,,"Av. Buzón 727, B7000 BWH, Provincia de Buenos Aires, Argentina","Tienda de electrónica",,,,,,,,,"Tienda de electrónica","18186681657231992231","BWH","true","AR","0x95911fef0339e631:0xfc64129c2e6ce5a7",,"https://streetviewpixels-pa.googleapis.com/v1/thumbnail?panoid=yKxALe1Wyj-igBzbCQnq3g&cb_client=search.gws-prod.gps&w=408&h=240&yaw=65.214355&pitch=0&thumbfov=100","1","false","/g/11cn9k72gh","es-419","-37.320178","-59.1182755",,,,,,,,,,,,,,,,"false","+54 249 430-2244","+542494302244","ChIJMeY5A-8fkZURp-VsLpwSZPw","B7000",,"3","52",,,,,,"2025-05-28T23:28:48.649Z","https://www.google.com/maps/search/electronica,%20tienda/@-37.31494263679804,-59.10077660858098,16z?hl=es-419","electronica, tienda","Provincia de Buenos Aires","Av. Buzón 727","false","RURALINK","2","https://www.google.com/maps/search/?api=1&query=RURALINK&query_place_id=ChIJMeY5A-8fkZURp-VsLpwSZPw","http://ruralink.com.ar/"
"true",,,,,,,,,"true",,,,,,,"true",,,,,,,,,,,,,,,,,,,,,,,,,,,,,,,"true",,,,,,,,,,,,,,,,,,,,,,,,,,,,,,,,,,,,,,,,,,,,,,,"399,, Primera Junta 299, Tandil, Provincia de Buenos Aires, Argentina","Tienda de electrónica",,,,,,,,,"Tienda de electrónica","14182317366924262902","Tandil","true","AR","0x95911fe169b1560f:0xc4d1b6810b5fbdf6",,"https://lh3.googleusercontent.com/gps-cs-s/AC9h4nr1xaD3m7IHvxT2MIEzIUdLHtAO7OwIwpk8JxknTF6ENnt0ZREUM-I4W6fSNyx9oc0ZKMyNYYemtxjMZq09Tm6UbtvI-WQ-TX0L4fcdzDDqWI9DhVQhVrHzqMV-QavN-2w21GIquQ=w408-h544-k-no","3","false","/g/11c0r315x9","es-419","-37.3198838","-59.1083577",,"miércoles","9 AM to 12 PM, 3 to 7 PM","jueves","9 AM to 12 PM, 3 to 7 PM","viernes","9 AM to 12 PM, 3 to 7 PM","sábado","9 AM to 12 PM, 3 to 7 PM","domingo","Cerrado","lunes","9 AM to 12 PM, 3 to 7 PM","martes","9 AM to 12 PM, 3 to 7 PM","false","+54 9 249 467-3486","+5492494673486","ChIJD1axaeEfkZUR9r1fC4G20cQ",,,"4","48",,,,,,"2025-05-28T23:28:48.650Z","https://www.google.com/maps/search/electronica,%20tienda/@-37.31494263679804,-59.10077660858098,16z?hl=es-419","electronica, tienda","Provincia de Buenos Aires","399,, Primera Junta 299","false","Escapes Daniel Celentano","4.7","https://www.google.com/maps/search/?api=1&query=Escapes%20Daniel%20Celentano&query_place_id=ChIJD1axaeEfkZUR9r1fC4G20cQ",
,,,,,,,,,,,,,,,,,,,,,,,,,,,,,,,,,,"true",,,,"true",,,,,,,,,,"true",,,,,,,,,,,,,,,,,,,,,,,,,,,,,,,,,,,,,,,,,,,,,,"Darragueira 2216, B7000 Tandil, Provincia de Buenos Aires, Argentina","Tienda de accesorios para móviles","Tienda de juegos","Tienda de lencería","Juguetería",,,,,,"Tienda de accesorios para móviles","11284283452793683665","Tandil","false","AR","0x9591214d516d4b07:0x9c99d4037c95fed1",,"https://lh3.googleusercontent.com/gps-cs-s/AC9h4noDa8okz0oHvfPoZCM-aj5Q0DyoOZbyI5rDvNFNjPz_qG8pWN0wVLrisVJ3wie6ESfKe4nSzXCzqBIPguvLTRQN6s0J3IMxjmuokVwgZjZVTlaMT9QKqrKSujnPycYAbQ-LXcea=w408-h544-k-no","6","false","/g/11j3wycp7d","es-419","-37.2989166","-59.1259842",,"miércoles","10 AM to 1 PM, 4:30 to 9 PM","jueves","10 AM to 1 PM, 4:30 to 9 PM","viernes","10 AM to 1 PM, 4 to 8 PM","sábado","10 AM to 1 PM, 4:30 to 9 PM","domingo","Cerrado","lunes","10 AM to 1 PM, 4:30 to 9 PM","martes","10 AM to 1 PM, 4:30 to 9 PM","false","+54 9 249 436-1450","+5492494361450","ChIJB0ttUU0hkZUR0f6VfAPUmZw","B7000",,"5","6",,,,,,"2025-05-28T23:28:48.650Z","https://www.google.com/maps/search/electronica,%20tienda/@-37.31494263679804,-59.10077660858098,16z?hl=es-419","electronica, tienda","Provincia de Buenos Aires","Darragueira 2216","false","Mixer electronicos","4.2","https://www.google.com/maps/search/?api=1&query=Mixer%20electronicos&query_place_id=ChIJB0ttUU0hkZUR0f6VfAPUmZw",
,,,,,,,,,,,,,,,,,,,,,,,,,,,,,,,,,,,,,,,,,,,,,,,,,,,,,,,,,,,,,,,,,,,,,,,,,,,,,,,,,,,,,,,,,,,,,,"Sarmiento 625, B7000 Tandil, Provincia de Buenos Aires, Argentina","Tienda de herramientas",,,,,,,,,"Tienda de herramientas","6112107800478604637","Tandil","false","AR","0x95911f90f5c6a5c1:0x54d291a9446bdd5d",,"https://lh3.googleusercontent.com/gps-cs-s/AC9h4nq5bJ3NTN6iQaMMNkN04DPMR_6ZYwZyWRProCTvSKbcY3B6eGOzMATV1OQjTlO09pyjO_G3XQ0419WvAfWkRzFIleEsNqDz7kIJsIMHyJSm-flSF-E-QycajqrAdb6POarmPcWIIw=w425-h240-k-no","3","false","/g/11f0wfb_st","es-419","-37.3250748","-59.1369568",,"miércoles","9 AM to 8:30 PM","jueves","9 AM to 8:30 PM","viernes","9 AM to 8:30 PM","sábado","9 AM to 8:30 PM","domingo","5 to 8 PM","lunes","9 AM to 8:30 PM","martes","9 AM to 8:30 PM","false","+54 249 462-3496","+542494623496","ChIJwaXG9ZAfkZURXd1rRKmR0lQ","B7000",,"6","40",,,,,,"2025-05-28T23:28:48.650Z","https://www.google.com/maps/search/electronica,%20tienda/@-37.31494263679804,-59.10077660858098,16z?hl=es-419","electronica, tienda","Provincia de Buenos Aires","Sarmiento 625","false","Tiendas T","3.8","https://www.google.com/maps/search/?api=1&query=Tiendas%20T&query_place_id=ChIJwaXG9ZAfkZURXd1rRKmR0lQ",
,,,,,,,,,"true",,,,,,,"true",,,,,,,,,,,,,,,,,,"true",,,,"true",,,"true","true",,,,,"true",,,,,,,,,,,,,,,,,,,,,,,,,,,,,,,,,,,,,,,,,,,,,,,"Garibaldi 907, B7000 Tandil, Provincia de Buenos Aires, Argentina","Tienda de electrónica",,,,,,,,,"Tienda de electrónica","2447103863474855636","Tandil","true","AR","0x95911ff4cb1bdf53:0x21f5dbff9ee79ed4",,"https://streetviewpixels-pa.googleapis.com/v1/thumbnail?panoid=ezE3MqoJIvx3Gcnn2fLECA&cb_client=search.gws-prod.gps&w=408&h=240&yaw=151.31516&pitch=0&thumbfov=100","1","false","/g/11llgywvps","es-419","-37.3198516","-59.1349885",,,,,,,,,,,,,,,,"false",,,"ChIJU98by_QfkZUR1J7nnv_b9SE",,,"7","3",,,,,,"2025-05-28T23:28:48.650Z","https://www.google.com/maps/search/electronica,%20tienda/@-37.31494263679804,-59.10077660858098,16z?hl=es-419","electronica, tienda","Provincia de Buenos Aires","Garibaldi 907","false","Jupiter Electronica","5","https://www.google.com/maps/search/?api=1&query=Jupiter%20Electronica&query_place_id=ChIJU98by_QfkZUR1J7nnv_b9SE",
,"true",,"false",,,,,"true",,,,,,,"true",,,,,,,"true",,"true",,,,,,,"true","true","true",,,,"true",,,"true",,,"true","true",,,"true","true","true",,"true",,,,,,,,,,"true","true",,,,"miércoles","9 a.m.–8 p.m.","jueves","9 a.m.–8 p.m.","viernes","9 a.m.–8 p.m.","sábado","9 a.m.–8 p.m.","domingo","Cerrado","lunes","9 a.m.–8 p.m.","martes","9 a.m.–8 p.m.","miércoles","9 a.m.–2 p.m.","jueves","9 a.m.–2 p.m.","viernes","9 a.m.–2 p.m.","sábado","9 a.m.–1 p.m.","domingo","Cerrado","lunes","9 a.m.–2 p.m.","martes","9 a.m.–2 p.m.","Av. España 882, B7000 Tandil, Provincia de Buenos Aires, Argentina","Tienda de informática","Tienda de electrodomésticos","Tienda de accesorios informáticos","Servicio de reparación de ordenadores","Establecimiento de reparación de artículos electrónicos","Tienda de material de oficina","Tienda de material escolar",,,"Tienda de informática","11928665910014769526","Tandil","false","AR","0x95911f8e3afb3fe7:0xa58b2271c2bdf976",,"https://lh3.googleusercontent.com/p/AF1QipOAU8ZVz83vWDTdT38x6moBe07-Vursk-lV5I5m=w408-h272-k-no","23","false","/g/1q63clb1_","es-419","-37.3210096","-59.134876",,"miércoles","8:30 AM to 1:30 PM, 4:30 to 8:30 PM","jueves","8:30 AM to 1:30 PM, 4:30 to 8:30 PM","viernes","8:30 AM to 1:30 PM, 4:30 to 8:30 PM","sábado","9 AM to 1 PM","domingo","Cerrado","lunes","8:30 AM to 1:30 PM, 4:30 to 8:30 PM","martes","8:30 AM to 1:30 PM, 4:30 to 8:30 PM","false","+54 249 443-8654","+542494438654","ChIJ5z_7Oo4fkZURdvm9wnEii6U","B7000",,"8","509",,,,,,"2025-05-28T23:28:48.650Z","https://www.google.com/maps/search/electronica,%20tienda/@-37.31494263679804,-59.10077660858098,16z?hl=es-419","electronica, tienda","Provincia de Buenos Aires","Av. España 882","false","LANG Tecnología","4.5","https://www.google.com/maps/search/?api=1&query=LANG%20Tecnolog%C3%ADa&query_place_id=ChIJ5z_7Oo4fkZURdvm9wnEii6U","http://www.langtecnologia.com.ar/"
,,,,,,,,,"true",,,,,"true",,,,,,,"true",,,,,,,,,,,,,"true",,,,"true",,,"true","true",,,,,"true",,,,,,,,,,,,,,,,,,,,,,,,,,,,,,,,,,,,,,,,,,,,,,,"Av. España 955, B7000 Tandil, Provincia de Buenos Aires, Argentina","Proveedor de equipos audiovisuales","Tienda de componentes electrónicos","Fabricante de artículos electrónicos",,,,,,,"Proveedor de equipos audiovisuales","5138695933380974267","Tandil","false","AR","0x95911f8e125cb693:0x475050b9b5ead6bb",,"https://lh3.googleusercontent.com/gps-cs-s/AC9h4nr7i1131Q4rpEz_VV6_kGEjYy_3i3KYMvudfMiyEkXHYHCv7FzIXslPFZ6e-km-pI9APYVu86C4QwdVliB1APknnAvQ3N1_i6X2Q9C7ndyPw23N6PSWoO_B1Kk16kLIVdCEzxFY=w408-h306-k-no","11","false","/g/11b7xs2fhk","es-419","-37.3209527","-59.1336502",,"miércoles","9 AM to 12:30 PM, 3:30 to 7:30 PM","jueves","9 AM to 12:30 PM, 3:30 to 7:30 PM","viernes","9 AM to 12:30 PM","sábado","9 AM to 12:30 PM","domingo","Cerrado","lunes","9 AM to 12:30 PM, 3:30 to 7:30 PM","martes","9 AM to 12:30 PM, 3:30 to 7:30 PM","false","+54 9 249 463-2603","+5492494632603","ChIJk7ZcEo4fkZURu9bqtblQUEc","B7000",,"9","36",,,,,,"2025-05-28T23:28:48.650Z","https://www.google.com/maps/search/electronica,%20tienda/@-37.31494263679804,-59.10077660858098,16z?hl=es-419","electronica, tienda","Provincia de Buenos Aires","Av. España 955","false","Electromundo","4.9","https://www.google.com/maps/search/?api=1&query=Electromundo&query_place_id=ChIJk7ZcEo4fkZURu9bqtblQUEc","http://www.facebook.com/electromundotandil"
"false",,,"false",,"true","true","true","true",,,,,,,"true",,,,,,,"true",,,,,"true",,,"true",,,"true",,,,"true",,,"true",,,"true","true",,,"true",,,,"true",,,,"true",,"true",,,,"true","true",,,,,,,,,,,,,,,,,,,,,,,,,,,,,,,,"San Martín 1459, B7001 Tandil, Provincia de Buenos Aires, Argentina","Tienda de informática",,,,,,,,,"Tienda de informática","17727531919425517545","Tandil","false","AR","0x95911fecdc7ca7c9:0xf604d85b31c1b7e9",,"https://lh3.googleusercontent.com/gps-cs-s/AC9h4nqTYGUAxJLKPqJKflfw06MhF333aZeg2Yxiihe9-eyXWHc7pJDceyZd-u6EmCm2oJqKi9b3JV4G_WS5tTj9PnjI1VxzoWOtKIaK9jINMTL-5jAwb3k2IIDnoe3CJkwQW1nL2I_M=w426-h240-k-no","333","false","/g/11by_p_083","es-419","-37.3216041","-59.1238596",,"miércoles","8:30 AM to 12:30 PM, 4:30 to 7:30 PM","jueves","8:30 AM to 12:30 PM, 4:30 to 7:30 PM","viernes","8:30 AM to 12:30 PM, 4:30 to 7:30 PM","sábado","9:30 AM to 12:30 PM","domingo","Cerrado","lunes","8:30 AM to 12:30 PM, 4:30 to 7:30 PM","martes","8:30 AM to 12:30 PM, 4:30 to 7:30 PM","false","+54 249 452-8686","+542494528686","ChIJyad83OwfkZUR6bfBMVvYBPY",,,"10","105",,,,,,"2025-05-28T23:28:48.651Z","https://www.google.com/maps/search/electronica,%20tienda/@-37.31494263679804,-59.10077660858098,16z?hl=es-419","electronica, tienda","Provincia de Buenos Aires","San Martín 1459","false","Link Computacion","4.4","https://www.google.com/maps/search/?api=1&query=Link%20Computacion&query_place_id=ChIJyad83OwfkZUR6bfBMVvYBPY","https://linkcomputacion.empretienda.com.ar/"
"false",,,"false",,,,,,"true",,,,,,,,,"true","true",,,,,,"true",,,,,,,,,"true",,,,"true",,,"true",,,,,,"true",,,,,,,,,,,,,"true",,,,"true","true",,,,,,,,,,,,,,,,,,,,,,,,,,,,,"4 de Abril 418, B7000 Tandil, Provincia de Buenos Aires, Argentina","Tienda de videojuegos",,,,,,,,,"Tienda de videojuegos","15683044988366997217","Tandil","false","AR","0x95911f8aff75f4d3:0xd9a55e531815c6e1",,"https://lh3.googleusercontent.com/gps-cs-s/AC9h4nqPMSbI9LNuJQ07QOj9qMrHm5hkI963UBT-M-FkQtwYXAOiKwg9d8uwPuj_OXDvzURZm_IQADkKwc-NA2vvRSBVCHp5m6CZoO6qg3_yE8sFtTz0u93TBdet1rV-hKVzGCvItpE=w427-h240-k-no","19","false","/g/11c54vwbvp","es-419","-37.3258809","-59.1278876",,"miércoles","4 to 8 PM","jueves","4 to 8 PM","viernes","4 to 8 PM","sábado","4 to 8 PM","domingo","Cerrado","lunes","4 to 8 PM","martes","4 to 8 PM","false","+54 249 420-9290","+542494209290","ChIJ0_R1_4ofkZUR4cYVGFNepdk","B7000",,"11","88",,,,,,"2025-05-28T23:28:48.651Z","https://www.google.com/maps/search/electronica,%20tienda/@-37.31494263679804,-59.10077660858098,16z?hl=es-419","electronica, tienda","Provincia de Buenos Aires","4 de Abril 418","false","Natsu Electronica y Videojuegos","4.6","https://www.google.com/maps/search/?api=1&query=Natsu%20Electronica%20y%20Videojuegos&query_place_id=ChIJ0_R1_4ofkZUR4cYVGFNepdk",
"false",,,"false",,,,,,"true",,,,,,,,,"true","true",,,,,,"true",,,,,,,,,"true",,,,"true",,,"true","true",,,,,"true",,,,,,,,,,"true",,,,,,,,,,,,,,,,,,,,,,,,,,,,,,,,,,,,,"Sarmiento 656, B7000 Tandil, Provincia de Buenos Aires, Argentina","Tienda de electrónica","Tienda de componentes electrónicos",,,,,,,,"Tienda de electrónica","10824702566500055246","Tandil","false","AR","0x95911f905895da99:0x963911a1eb7eb8ce",,"https://lh3.googleusercontent.com/gps-cs-s/AC9h4npCJvZxWCb0YKn9PiKZCCWzJqKcvLP9zPuNu0xbHVgzcydsLpYpaWsP_am_SbRzZKj15NkixHtl2hkWy5Uu0LCvOTQibFRbzEC1RQ7Oa1_xRPSH7NDeJeUOtrkq0mWmP9_ogXRexg=w408-h544-k-no","9","false","/g/11b77sqh4f","es-419","-37.3247176","-59.1365503",,"miércoles","9 AM to 1 PM, 4 to 8 PM","jueves","9 AM to 1 PM, 4 to 8 PM","viernes","9 AM to 1 PM, 4 to 8 PM","sábado","9 AM to 1 PM, 5 to 8 PM","domingo","Cerrado","lunes","9 AM to 1 PM, 4 to 8 PM","martes","9 AM to 1 PM, 4 to 8 PM","false","+54 249 438-6907","+542494386907","ChIJmdqVWJAfkZURzrh-66EROZY",,,"12","134",,,,,,"2025-05-28T23:28:48.651Z","https://www.google.com/maps/search/electronica,%20tienda/@-37.31494263679804,-59.10077660858098,16z?hl=es-419","electronica, tienda","Provincia de Buenos Aires","Sarmiento 656","false","Eco Pila","4.7","https://www.google.com/maps/search/?api=1&query=Eco%20Pila&query_place_id=ChIJmdqVWJAfkZURzrh-66EROZY",
"true",,,"true",,,,,,"true",,,,,,,,,"true",,,"true",,,,,,,,,,,,"true",,,,,"true",,"true",,,,,,,"true",,,,"true",,,,"true",,,,,,,,,,,,,,,,,,,,,,,,,,,,,,,,,,,,,,,"Quintana 595, B7000 Tandil, Provincia de Buenos Aires, Argentina","Tienda de informática",,,,,,,,,"Tienda de informática","16104621756549559854","Tandil","false","AR","0x9591202ef4c49bd1:0xdf7f1c296129f62e",,"https://lh3.googleusercontent.com/p/AF1QipMwwDzlldfBVhK2DZaRKRE-0AQj77OmuiPdsh3Q=w408-h408-k-no","9","false","/g/11b76kr18y","es-419","-37.3073852","-59.1425898",,"miércoles","9:30 AM to 1 PM, 5 to 8:30 PM","jueves","9:30 AM to 1 PM, 5 to 8:30 PM","viernes","9:30 AM to 1 PM, 5 to 8:30 PM","sábado","9:30 AM to 1 PM","domingo","Cerrado","lunes","9:30 AM to 1 PM, 5 to 8:30 PM","martes","9:30 AM to 1 PM, 5 to 8:30 PM","false","+54 249 420-7361","+542494207361","ChIJ0ZvE9C4gkZURLvYpYSkcf98","B7000",,"13","24",,,,,,"2025-05-28T23:28:48.651Z","https://www.google.com/maps/search/electronica,%20tienda/@-37.31494263679804,-59.10077660858098,16z?hl=es-419","electronica, tienda","Provincia de Buenos Aires","Quintana 595","false","Vitalia Computación","4.3","https://www.google.com/maps/search/?api=1&query=Vitalia%20Computaci%C3%B3n&query_place_id=ChIJ0ZvE9C4gkZURLvYpYSkcf98",
,,,,,,,,,"true",,,,,,,"true",,,,,,,,,,,,,,,,,,,,,,,,,,,,,,,,,,,,,,,,,,,,,,,,,,,,,,,,,,,,,,,,,,,,,,,,,,,,,,"San Martín 1001, B7000 Tandil, Provincia de Buenos Aires, Argentina","Tienda de electrónica",,,,,,,,,"Tienda de electrónica","16893975774633051042","Tandil","true","AR","0x95911fc46d201c2f:0xea7375757b0ec3a2",,"https://streetviewpixels-pa.googleapis.com/v1/thumbnail?panoid=rhHPemBM31sX7z7WrqjHSg&cb_client=search.gws-prod.gps&w=408&h=240&yaw=119.31743&pitch=0&thumbfov=100","1","false","/g/11t2rnnzv_","es-419","-37.3240545","-59.1305023",,,,,,,,,,,,,,,,"false","+54 249 465-7856","+542494657856","ChIJLxwgbcQfkZURosMOe3V1c-o",,,"14","3",,,,,,"2025-05-28T23:28:48.651Z","https://www.google.com/maps/search/electronica,%20tienda/@-37.31494263679804,-59.10077660858098,16z?hl=es-419","electronica, tienda","Provincia de Buenos Aires","San Martín 1001","false","Compu Tandil","1","https://www.google.com/maps/search/?api=1&query=Compu%20Tandil&query_place_id=ChIJLxwgbcQfkZURosMOe3V1c-o",
,,,,,,,,,,,,,,,,,,,,,,,,,,,,,,,,,,,,,,,,,,,,,,,,,,,,,,,,,,,,,,,,,,,,,,,,,,,,,,,,,,,,,,,,,,,,,,"Jurado 1567, B7000 Tandil, Provincia de Buenos Aires, Argentina",,,,,,,,,,,"3091257138418588601","Tandil","true","AR","0x95911f0980eb5761:0x2ae659fd3cd49bb9",,"https://streetviewpixels-pa.googleapis.com/v1/thumbnail?panoid=cqIrauPVnwGbelX65R2ygw&cb_client=search.gws-prod.gps&w=408&h=240&yaw=141.51381&pitch=0&thumbfov=100","1","false","/g/11n_mvlh7s","es-419","-37.3073543","-59.1159914",,"miércoles","Abierto las 24 horas","jueves","Abierto las 24 horas","viernes","Abierto las 24 horas","sábado","Cerrado","domingo","Cerrado","lunes","Abierto las 24 horas","martes","Abierto las 24 horas","false","+54 249 432-1662","+542494321662","ChIJYVfrgAkfkZURuZvUPP1Z5io","B7000",,"15","0",,,,,,"2025-05-28T23:28:48.651Z","https://www.google.com/maps/search/electronica,%20tienda/@-37.31494263679804,-59.10077660858098,16z?hl=es-419","electronica, tienda","Provincia de Buenos Aires","Jurado 1567","false","Wonder Store",,"https://www.google.com/maps/search/?api=1&query=Wonder%20Store&query_place_id=ChIJYVfrgAkfkZURuZvUPP1Z5io","http://wonderstore10.empretienda.com.ar/"
,,,,,,,,,"true",,,,,,,"true",,,,,,,,,,,,,,,,,,,"true",,,,,,,,,,,,"true",,,,,,,,,,,,,,,,,,,,,,,,,,,,,,,,,,,,,,,,,,,,,,,"Gral. Rodríguez 677, B7000 Tandil, Provincia de Buenos Aires, Argentina","Tienda de electrónica",,,,,,,,,"Tienda de electrónica","9490775105337595934","Tandil","true","AR","0x95911f908cc86de7:0x83b601ac8cc4981e",,"https://streetviewpixels-pa.googleapis.com/v1/thumbnail?panoid=fw-FZNBCUc9Em2V4xpE8hQ&cb_client=search.gws-prod.gps&w=408&h=240&yaw=40.263706&pitch=0&thumbfov=100","1","false","/g/11h7s3zd85","es-419","-37.3254221","-59.1371266",,,,,,,,,,,,,,,,"false",,,"ChIJ523IjJAfkZURHpjEjKwBtoM",,,"16","2",,,,,,"2025-05-28T23:28:48.651Z","https://www.google.com/maps/search/electronica,%20tienda/@-37.31494263679804,-59.10077660858098,16z?hl=es-419","electronica, tienda","Provincia de Buenos Aires","Gral. Rodríguez 677","false","Lucaioli","5","https://www.google.com/maps/search/?api=1&query=Lucaioli&query_place_id=ChIJ523IjJAfkZURHpjEjKwBtoM",
,"true",,,,"true","true","true",,,,,,"true",,,,,,,,,,,,,,,,,,,,,,,,,,,,,,,,,,,,,,,,,,,,,,,,,,,,,,,,,,,,,,,,,,,,,,,,,,,,,,,,,"Pinto 1727, C7000 Tandil, Provincia de Buenos Aires, Argentina","Televisión de circuito cerrado","Tienda de alarmas antirrobo",,,,,,,,"Televisión de circuito cerrado","4848064929035745742","Tandil","false","AR","0x95911f8be56c080f:0x4347c95de73479ce",,"https://lh3.googleusercontent.com/gps-cs-s/AC9h4nrp95TVJhJT3XGd7kqje__3Yj17Q22Eh_00RbhEtUxyzVWWxMokOIVf7w_LBWuWUrVx3ZJZRuhNacQ0wSQ7JqefCaMjBazdfFAizBq0o0V8IY2na4VBZgtj9HvGSX8SEvAqXz-8=w408-h306-k-no","17","false","/g/11gdknv44p","es-419","-37.3212976","-59.1192885",,"miércoles","9 AM to 6 PM","jueves","9 AM to 6 PM","viernes","9 AM to 6 PM","sábado","Cerrado","domingo","Cerrado","lunes","9 AM to 6 PM","martes","9 AM to 6 PM","false","+54 249 449-9233","+542494499233","ChIJDwhs5YsfkZURznk0513JR0M","C7000",,"17","15",,,,,,"2025-05-28T23:28:48.651Z","https://www.google.com/maps/search/electronica,%20tienda/@-37.31494263679804,-59.10077660858098,16z?hl=es-419","electronica, tienda","Provincia de Buenos Aires","Pinto 1727","false","MacroCam Seguridad Electrónica","4.8","https://www.google.com/maps/search/?api=1&query=MacroCam%20Seguridad%20Electr%C3%B3nica&query_place_id=ChIJDwhs5YsfkZURznk0513JR0M","http://www.macrocam.com.ar/"
,,,,,,,,,,,,,,,,,,,,,,,,,,,,,,,,,,,,,,,,,,,,,,"true",,,,,,,,,,,,,,,,,,,,,,,,,,,,,,,,,,,,,,,,,,,,,,,,"barrio falucho 22, Pje. D 765, B7000 Tandil, Provincia de Buenos Aires, Argentina","Empresa de alojamiento web",,,,,,,,,"Empresa de alojamiento web","15478279816457846865","Tandil","true","AR","0x9590e1003613a205:0xd6cde57c52118051",,"https://streetviewpixels-pa.googleapis.com/v1/thumbnail?panoid=Dx456Duz4kz0CD9PCNu3Pw&cb_client=search.gws-prod.gps&w=408&h=240&yaw=226.87285&pitch=0&thumbfov=100","1","false","/g/11vylh334f","es-419","-37.3061792","-59.1012506",,"miércoles","9 AM to 5 PM","jueves","9 AM to 5 PM","viernes","9 AM to 5 PM","sábado","Cerrado","domingo","Cerrado","lunes","9 AM to 8 PM","martes","9 AM to 5 PM","false","+54 249 454-5017","+542494545017","ChIJBaITNgDhkJURUYARUnzlzdY","B7000",,"18","22",,,,,,"2025-05-28T23:28:48.651Z","https://www.google.com/maps/search/electronica,%20tienda/@-37.31494263679804,-59.10077660858098,16z?hl=es-419","electronica, tienda","Provincia de Buenos Aires","barrio falucho 22, Pje. D 765","false","Make IT Girl - Soluciones IT","5","https://www.google.com/maps/search/?api=1&query=Make%20IT%20Girl%20-%20Soluciones%20IT&query_place_id=ChIJBaITNgDhkJURUYARUnzlzdY",
"true",,,,,,,,,"true",,,,,,,,,"true",,,"true",,,,,,,,,,,,,"true",,,,"true",,,"true","true",,,,,"true",,,,,,,,,,,,,,,,,,,,,,,,,,,,,,,,,,,,,,,,,,,,,,,"9 de Julio 563, B7000 Tandil, Provincia de Buenos Aires, Argentina","Tienda de electrónica",,,,,,,,,"Tienda de electrónica","13973302323067291538","Tandil","false","AR","0x95911f91256268f5:0xc1eb246dd9910792",,"https://lh3.googleusercontent.com/gps-cs-s/AC9h4noLxGY-gAtMEgxY-jMdeDP94F20n88DPgfz1JmCFBjyG9rmkOOooSWSjnan81fdRnFoTzEFgs3-77CnNf9rLbCXs970VQvnmTDPQyK5JVUqcZ-SJLnWihQ1YYVYhymFNWWoUYHR_A=w408-h544-k-no","46","false","/g/1tfzhyq7","es-419","-37.3260586","-59.134978",,"miércoles","8:30 AM to 12:30 PM, 5 to 9 PM","jueves","8:30 AM to 12:30 PM, 5 to 9 PM","viernes","8:30 AM to 12:30 PM, 5 to 9 PM","sábado","8:30 AM to 12:30 PM, 5 to 9 PM","domingo","Cerrado","lunes","8:30 AM to 12:30 PM, 5 to 9 PM","martes","8:30 AM to 12:30 PM, 5 to 9 PM","false","+54 249 442-7076","+542494427076","ChIJ9WhiJZEfkZURkgeR2W0k68E","B7000",,"19","548",,,,,,"2025-05-28T23:28:48.651Z","https://www.google.com/maps/search/electronica,%20tienda/@-37.31494263679804,-59.10077660858098,16z?hl=es-419","electronica, tienda","Provincia de Buenos Aires","9 de Julio 563","false","Frávega","3.7","https://www.google.com/maps/search/?api=1&query=Fr%C3%A1vega&query_place_id=ChIJ9WhiJZEfkZURkgeR2W0k68E","http://www.fravega.com/"
"false",,,,,,,,,"true",,,,,,,,,"true",,,"true",,,,,,,,,,,,"true",,,,,"true",,,"true","true",,,,,"true",,,,,"true",,,,,,,,,,,,,,,,,,,,,,,,,,,,,,,,,,,,,,,,,,"Gral. Rodríguez 705, B7000 Tandil, Provincia de Buenos Aires, Argentina","Tienda de electrónica","Tienda de electrodomésticos","Tienda de informática",,,,,,,"Tienda de electrónica","6974990413349896379","Tandil","false","AR","0x95911f9061f50ca7:0x60cc24d36b79c0bb",,"https://lh3.googleusercontent.com/p/AF1QipNipXT9LenHidQjy4CF_EPZ1TTjdR_7sinLPlCa=w408-h271-k-no","13","false","/g/11h07kcx4m","es-419","-37.3250197","-59.1372743",,"miércoles","9 AM to 1 PM, 4 to 8 PM","jueves","9 AM to 1 PM, 4 to 8 PM","viernes","9 AM to 1 PM, 4 to 8 PM","sábado","9 AM to 1 PM, 4 to 8 PM","domingo","Cerrado","lunes","9 AM to 1 PM, 4 to 8 PM","martes","9 AM to 1 PM, 4 to 8 PM","false","+54 249 442-9196","+542494429196","ChIJpwz1YZAfkZURu8B5a9MkzGA","B7000",,"20","121",,,,,,"2025-05-28T23:28:48.651Z","https://www.google.com/maps/search/electronica,%20tienda/@-37.31494263679804,-59.10077660858098,16z?hl=es-419","electronica, tienda","Provincia de Buenos Aires","Gral. Rodríguez 705","false","Otero Tandil","4.3","https://www.google.com/maps/search/?api=1&query=Otero%20Tandil&query_place_id=ChIJpwz1YZAfkZURu8B5a9MkzGA","https://www.otero.com.ar/"
"false",,,"false",,,,,,"true",,,,,,,,,"true",,,,,"true",,"true",,,"false",,,,,,,"true",,,,"true","true",,,,,,,"true",,,,"true",,,,"true",,,,,,,,,,,,,,,,,,,,,,,,,,,,,,,,,,,,,,,"Sáenz Peña 597, B7000 Tandil, Provincia de Buenos Aires, Argentina","Tienda de informática",,,,,,,,,"Tienda de informática","6038896396313147901","Tandil","false","AR","0x9591202fb9a5cef1:0x53ce7846e9a1b9fd",,"https://lh3.googleusercontent.com/p/AF1QipObNSFS5E68FI5B3kHVfxB4T4U3YP8q3aRu3JNr=w408-h408-k-no","159","false","/g/1tdbxykz","es-419","-37.3056444","-59.1405412",,"miércoles","10:30 AM to 1:30 PM, 4 to 7:30 PM","jueves","10:30 AM to 1:30 PM, 4 to 7:30 PM","viernes","10:30 AM to 1:30 PM, 4 to 7:30 PM","sábado","10:30 AM to 1:30 PM","domingo","Cerrado","lunes","4 to 7:30 PM","martes","10:30 AM to 1:30 PM, 4 to 7:30 PM","false","+54 249 464-4261","+542494644261","ChIJ8c6luS8gkZUR_bmh6UZ4zlM","B7000",,"4","66",,,,,,"2025-05-28T23:28:49.368Z","https://www.google.com/maps/search/electronica,%20tienda/@-37.301264773596074,-59.13521070000001,16z?hl=es-419","electronica, tienda","Provincia de Buenos Aires","Sáenz Peña 597","false","NETVI Computación","4.5","https://www.google.com/maps/search/?api=1&query=NETVI%20Computaci%C3%B3n&query_place_id=ChIJ8c6luS8gkZUR_bmh6UZ4zlM",
,,,,,,,,,,"true",,,,,,,,,,,,,,,,,,,,,,,,,,,,,,,,,,,,,"true",,,,,,,,,,,,,,,,,,,,,,,,,,,,,,,,,,,,,,,,,,,,,,,"Primera Junta, B7000 Tandil, Provincia de Buenos Aires, Argentina","Tienda de ropa",,,,,,,,,"Tienda de ropa","3287477433790989065","Tandil","true","AR","0x9591201f43d59f87:0x2d9f774ee8398309",,"https://streetviewpixels-pa.googleapis.com/v1/thumbnail?panoid=YOElxuVEPD165hTuyz-lMQ&cb_client=search.gws-prod.gps&w=408&h=240&yaw=75.28439&pitch=0&thumbfov=100","1","false","/g/11w33wlslk","es-419","-37.305924","-59.1260349",,,,,,,,,,,,,,,,"false",,,"ChIJh5_VQx8gkZURCYM56E53ny0",,,"5","0",,,,,,"2025-05-28T23:28:49.369Z","https://www.google.com/maps/search/electronica,%20tienda/@-37.301264773596074,-59.13521070000001,16z?hl=es-419","electronica, tienda","Provincia de Buenos Aires","Primera Junta","false","Varieté Indumentaria Electrónica Y Más",,"https://www.google.com/maps/search/?api=1&query=Variet%C3%A9%20Indumentaria%20Electr%C3%B3nica%20Y%20M%C3%A1s&query_place_id=ChIJh5_VQx8gkZURCYM56E53ny0",
,,,,,,,,,"true",,,,,,,"true",,,,,,,,,,,,,,,,,,,,,,,,,,,,,,,"true",,,,,,,,,,,,,,,,,,,,,,,,,,,,,,,,,,,,,,,,,,,,,,,"Av. Perón, B7000 Tandil, Provincia de Buenos Aires, Argentina","Tienda de electrónica",,,,,,,,,"Tienda de electrónica","2231778415082865540","Tandil","true","AR","0x95911f7634e05fe5:0x1ef8dea4e0660384",,,,"false","/g/11j5s9qt_y","es-419","-37.321193","-59.1499517",,,,,,,,,,,,,,,,"false",,,"ChIJ5V_gNHYfkZURhANm4KTe-B4",,,"13","1",,,,,,"2025-05-28T23:28:49.369Z","https://www.google.com/maps/search/electronica,%20tienda/@-37.301264773596074,-59.13521070000001,16z?hl=es-419","electronica, tienda","Provincia de Buenos Aires","Av. Perón","false","supercell","5","https://www.google.com/maps/search/?api=1&query=supercell&query_place_id=ChIJ5V_gNHYfkZURhANm4KTe-B4",
,,,,,,,,,"true",,,,,,,"true",,,,,,,,,,,,,,,,,,,,,,,,,,,,,,,"true",,,,,,,,,,,,,,,,,,,,,,,,,,,,,,,,,,,,,,,,,,,,,,,"Gral. Rodríguez 680, B7000 Tandil, Provincia de Buenos Aires, Argentina","Tienda de electrónica",,,,,,,,,"Tienda de electrónica","4325599340604793978","Tandil","true","AR","0x95911f00509f4629:0x3c079daea969a47a",,"https://streetviewpixels-pa.googleapis.com/v1/thumbnail?panoid=-UL4Gy0liH5qaYMGW0e6Wg&cb_client=search.gws-prod.gps&w=408&h=240&yaw=252.4685&pitch=0&thumbfov=100","1","false","/g/11wwq5pvby","es-419","-37.3254424","-59.1373782",,"miércoles","9 AM to 1 PM, 4 to 8 PM","jueves","9 AM to 1 PM, 4 to 8 PM","viernes","9 AM to 1 PM, 4 to 8 PM","sábado","9 AM to 1 PM, 4 to 8 PM","domingo","4 to 8 PM","lunes","9 AM to 1 PM, 4 to 8 PM","martes","9 AM to 1 PM, 4 to 8 PM","false","+54 9 249 463-2053","+5492494632053","ChIJKUafUAAfkZUReqRpqa6dBzw","B7000",,"20","4",,,,,,"2025-05-28T23:28:49.370Z","https://www.google.com/maps/search/electronica,%20tienda/@-37.301264773596074,-59.13521070000001,16z?hl=es-419","electronica, tienda","Provincia de Buenos Aires","Gral. Rodríguez 680","false","Aloise","5","https://www.google.com/maps/search/?api=1&query=Aloise&query_place_id=ChIJKUafUAAfkZUReqRpqa6dBzw","http://www.aloise.com.ar/"
,,,,,,,,,,,,,,,,,,,,,,,,,,,,,,,,,,,,,,,,,,,,,,,,,,,,,,,,,,,,,,,,,,,,,,,,,,,,,,,,,,,,,,,,,,,,,,"Colectora Sur J. C. Pugliese 498, B7000 Tandil, Provincia de Buenos Aires, Argentina","Cibercafé","Cooperativa de ahorro y crédito",,,,,,,,"Cibercafé","5118647802253488529","Tandil","false","AR","0x95a329b217802635:0x4709170e6fa73191",,"https://lh3.googleusercontent.com/gps-cs-s/AC9h4nonjEuonO3ddiFQ_w6GorOezrieFOEGXAbNnTNwGKx2cbX4UbEZhiku4eDvHUgyzPA2iAklONe27fl3s5n2wix8ZUF9aF7eiM_8uYxvg0tql8GV6Ytndh-UsP62G5EFafJivVM=w408-h306-k-no","38","false","/g/11btwvt03d","es-419","-37.316835","-59.1086234",,"miércoles","7 AM to 2 PM","jueves","7 AM to 2 PM","viernes","7 AM to 2 PM","sábado","Cerrado","domingo","Cerrado","lunes","7 AM to 2 PM","martes","7 AM to 2 PM","false","+54 249 442-7055","+542494427055","ChIJNSaAF7Ipo5URkTGnbw4XCUc","B7000",,"23","24","9","6","4","3","2","2025-05-28T23:28:49.456Z","https://www.google.com/maps/search/electronica,%20tienda/@-37.31494263679804,-59.10077660858098,16z?hl=es-419","electronica, tienda","Provincia de Buenos Aires","Colectora Sur J. C. Pugliese 498","false","Cretal - Cooperativa Rural Eléctrica Tandil Azul Ltda.","3.6","https://www.google.com/maps/search/?api=1&query=Cretal%20-%20Cooperativa%20Rural%20El%C3%A9ctrica%20Tandil%20Azul%20Ltda.&query_place_id=ChIJNSaAF7Ipo5URkTGnbw4XCUc","http://www.cretal.com.ar/"
"true",,,"true",,,,,,,,,,,,,,,,,,,,,,,,,,,,,,,,,,,,,,,,,,"true",,,,,,,,,,,,,,"true",,,,,,,,,,,,,,,,,,,,,,,,,,,,,,,,,,,"Av. Falucho 1294, B7000 Tandil, Provincia de Buenos Aires, Argentina","Taller de reparación de automóviles","Servicio de reparación de aire acondicionado","Servicio de reparación de sistemas eléctricos para automóviles","Tienda de baterías","Taller de frenos","Tienda de baterías para automóvil","Taller de automóviles","Taller mecánico","Servicio de cambio de aceite","Taller de reparación de automóviles","13080006146548791146","Tandil","false","AR","0x95911fbc2bec4783:0xb585844a18f7776a",,"https://lh3.googleusercontent.com/gps-cs-s/AC9h4nrYekPzU5S15WCM51Y7YTr7qmgGcVYgbscIEVsefCj6zINlztGhfcUhYU5JKK9JmKVPV5ZGLDn6GUXZC_jX1fJQuEuS0t080nsGr-xHTtNy4sCYwYQPuLLdEuC7OURlnINyXCCF=w426-h240-k-no","23","false","/g/11hd_h9tbw","es-419","-37.3199422","-59.10627",,"miércoles","8 AM to 12:30 PM, 3 to 7:30 PM","jueves","8 AM to 12:30 PM, 3 to 7:30 PM","viernes","8 AM to 12:30 PM, 3 to 7:30 PM","sábado","9 AM to 1 PM","domingo","Cerrado","lunes","8 AM to 12:30 PM, 3 to 7:30 PM","martes","8 AM to 12:30 PM, 3 to 7:30 PM","false","+54 9 249 469-3224","+5492494693224","ChIJg0fsK7wfkZURanf3GEqEhbU","B7000",,"24","77","62","5","8","2","0","2025-05-28T23:28:49.457Z","https://www.google.com/maps/search/electronica,%20tienda/@-37.31494263679804,-59.10077660858098,16z?hl=es-419","electronica, tienda","Provincia de Buenos Aires","Av. Falucho 1294","false","Taller Mecánico MP","4.5","https://www.google.com/maps/search/?api=1&query=Taller%20Mec%C3%A1nico%20MP&query_place_id=ChIJg0fsK7wfkZURanf3GEqEhbU","https://www.guia-dorada.com.ar/guia/aviso-taller-mecanico-mp-en-tandil-buenos-aires-25618.html"
"true",,,,,,,,,"true",,,,,"true",,,,,,,"true",,,,,,,,,,,,,"true",,,,,"true","true",,,,,,,,"true","true",,"true",,,,,,,"true",,,"true",,"true",,,,,,,,,,,,,,,,,,,,,,,,,,,,,,,"Los Tulipanes 1880, B7000 Tandil, Provincia de Buenos Aires, Argentina","Tienda de electrónica",,,,,,,,,"Tienda de electrónica","1754550946640940532","Tandil","false","AR","0x95912116f1eacbcb:0x18596aca3adbcdf4",,"https://lh3.googleusercontent.com/p/AF1QipOL8nTX9qdFpFD80G3etq8I6jVK8i0Ye6OJLKU=w408-h408-k-no","28","false","/g/11h3ngfyxh","es-419","-37.3126438","-59.1781224",,"miércoles","8:30 AM to 7:30 PM","jueves","8:30 AM to 7:30 PM","viernes","8:30 AM to 7:30 PM","sábado","9 AM to 1 PM","domingo","Cerrado","lunes","8:30 AM to 7:30 PM","martes","8:30 AM to 7:30 PM","false","+54 249 463-7460","+542494637460","ChIJy8vq8RYhkZUR9M3bOspqWRg",,,"2","13",,,,,,"2025-05-28T23:28:51.589Z","https://www.google.com/maps/search/electronica,%20tienda/@-37.31494263679804,-59.16964479141904,16z?hl=es-419","electronica, tienda","Provincia de Buenos Aires","Los Tulipanes 1880","false","INTERMOVE WIFI","4.3","https://www.google.com/maps/search/?api=1&query=INTERMOVE%20WIFI&query_place_id=ChIJy8vq8RYhkZUR9M3bOspqWRg",
,,,,,,,,,,,,,,,,,,,,,,,,,,,,,,,,,,,,,,,,,,,,,,"true",,,,,,,,,,,,,,,,,,,,,,,,,,,,,,,,,,,,,,,,,,,,,,,,"Salta 1961, B7000 Tandil, Provincia de Buenos Aires, Argentina","Empresa de software",,,,,,,,,"Empresa de software","14586401444553643792","Tandil","false","AR","0x959121bb88bab3fd:0xca6d4ed4eddd5710",,"https://streetviewpixels-pa.googleapis.com/v1/thumbnail?panoid=gxDMi0CfdI8WNIDsKiDjvQ&cb_client=search.gws-prod.gps&w=408&h=240&yaw=349.19775&pitch=0&thumbfov=100","1","false","/g/11nx11wgsm","es-419","-37.3085248","-59.1784333","La Movediza I","miércoles","2:30 to 9 PM","jueves","2:30 to 9 PM","viernes","2:30 to 9 PM","sábado","Cerrado","domingo","Cerrado","lunes","2:30 to 9 PM","martes","2:30 to 9 PM","false","+54 249 452-3129","+542494523129","ChIJ_bO6iLshkZUREFfd7dRObco","B7000",,"5","1",,,,,,"2025-05-28T23:28:51.589Z","https://www.google.com/maps/search/electronica,%20tienda/@-37.31494263679804,-59.16964479141904,16z?hl=es-419","electronica, tienda","Provincia de Buenos Aires","Salta 1961","false","SerTecTan","5","https://www.google.com/maps/search/?api=1&query=SerTecTan&query_place_id=ChIJ_bO6iLshkZUREFfd7dRObco","https://sites.google.com/view/sertectan/inicio"
,,,,,,,,,"true",,,,,,,"true",,,,,,,,,,,,,,,,,,,,,,,,,,,,,,,"true",,,,,,,,,,,,,,,,,,,,,,,,,,,,,,,,,,,,,,,,,,,,,,,"Chaco 1614, B7000 Tandil, Provincia de Buenos Aires, Argentina","Tienda de informática",,,,,,,,,"Tienda de informática","6272914276768427837","Tandil","true","AR","0x95911fa9394f0c3b:0x570dde4ca5422f3d",,"https://lh3.googleusercontent.com/gps-cs-s/AC9h4npil1RcI5cZblpPm7ZvjKqjwVYIegfEntS-xJkrUk23WBcBeRbtHHuAfq_opiCYpDfgrBjHluS2V1tqxuuWVLeTYYuOYDFEHK5Yxx9yH0F1WHvsoK-PxZ0pEWxb-z93skVcvNkYgQ=w408-h544-k-no","3","false","/g/11q29y1c9y","es-419","-37.3202902","-59.1596909",,,,,,,,,,,,,,,,"false","+54 249 463-4755","+542494634755","ChIJOwxPOakfkZURPS9CpUzeDVc",,,"11","0",,,,,,"2025-05-28T23:28:51.589Z","https://www.google.com/maps/search/electronica,%20tienda/@-37.31494263679804,-59.16964479141904,16z?hl=es-419","electronica, tienda","Provincia de Buenos Aires","Chaco 1614","false","Dr. PC",,"https://www.google.com/maps/search/?api=1&query=Dr.%20PC&query_place_id=ChIJOwxPOakfkZURPS9CpUzeDVc",
,,,,,,,,,,,,,,,,,,,,,,,,,,,,,,,,,,,,,,,,,,,,,,,,,,,,,,,,,,,,,,,,,,,,,,,,,,,,,,,,,,,,,,,,,,,,,,"Sarmiento 356, C7000 Tandil, Provincia de Buenos Aires, Argentina",,,,,,,,,,,"3738885452000897275","Tandil","false","AR","0x95911fdd58f4a60f:0x33e330825663a8fb",,"https://lh3.googleusercontent.com/p/AF1QipOqAnjQs0qjCJRG8DRn2eFdiVf4egQj69D7u7jS=w408-h306-k-no","55","false","/g/11h9lfnz05","es-419","-37.3263077","-59.1406216",,"miércoles","10 AM to 1 PM, 5 to 8 PM","jueves","10 AM to 1 PM, 5 to 8 PM","viernes","10 AM to 1 PM, 5 to 8 PM","sábado","11 AM to 1 PM","domingo","Cerrado","lunes","10 AM to 1 PM, 5 to 8 PM","martes","10 AM to 1 PM, 5 to 8 PM","false","+54 249 447-8999","+542494478999","ChIJD6b0WN0fkZUR-6hjVoIw4zM","C7000",,"15","14",,,,,,"2025-05-28T23:28:51.589Z","https://www.google.com/maps/search/electronica,%20tienda/@-37.31494263679804,-59.16964479141904,16z?hl=es-419","electronica, tienda","Provincia de Buenos Aires","Sarmiento 356","false","NEXT JUEGOS TANDIL ELECTRÓNICA, COMPUTACIÓN","4.5","https://www.google.com/maps/search/?api=1&query=NEXT%20JUEGOS%20TANDIL%20ELECTR%C3%93NICA%2C%20COMPUTACI%C3%93N&query_place_id=ChIJD6b0WN0fkZUR-6hjVoIw4zM",
,,,,,,,,,"true",,,,,,,"true",,,,,,,,,,,,,,,,,,,,,,,,,,,,,,,"true",,,,,,,,,,,,,,,,,,,,,,,,,,,,,,,,,,,,,,,,,,,,,,,"Gral. Roca 1133, B7000 Tandil, Provincia de Buenos Aires, Argentina","Tienda de ordenadores de segunda mano",,,,,,,,,"Tienda de ordenadores de segunda mano","685963738123961535","Tandil","true","AR","0x95911ffa71df2f61:0x9850862abad84bf",,"https://streetviewpixels-pa.googleapis.com/v1/thumbnail?panoid=XWKozjIWF9sOKhhDx6zmPg&cb_client=search.gws-prod.gps&w=408&h=240&yaw=53.050774&pitch=0&thumbfov=100","1","false","/g/11jbdl3blw","es-419","-37.3158857","-59.1299135",,,,,,,,,,,,,,,,"false","+54 249 456-8485","+542494568485","ChIJYS_fcfofkZURv4Stq2IIhQk","B7000",,"24","0",,,,,,"2025-05-28T23:28:53.337Z","https://www.google.com/maps/search/electronica,%20tienda/@-37.31494263679804,-59.117993654290494,16z?hl=es-419","electronica, tienda","Provincia de Buenos Aires","Gral. Roca 1133","false","Compu-K",,"https://www.google.com/maps/search/?api=1&query=Compu-K&query_place_id=ChIJYS_fcfofkZURv4Stq2IIhQk",
,,,,,,,,,,,,,,,,,,,,,,,,,,,,,,,,,,,,,,,,,,,,,,,,,,,,,,,,,,,,,,,,,,,,,,,,,,,,,,,,,,,,,,,,,,,,,,"11 de Septiembre 1057, B7000 Tandil, Provincia de Buenos Aires, Argentina","Servicio de reparación de impresoras","Tienda de suministros para fotocopias","Tienda de recarga de cartuchos de impresora",,,,,,,"Servicio de reparación de impresoras","9693978521403012365","Tandil","false","AR","0x95911f8cb8aa818f:0x8687ee1ab47e350d",,"https://streetviewpixels-pa.googleapis.com/v1/thumbnail?panoid=e3NU-zCDyUot_DX4-xjKkw&cb_client=search.gws-prod.gps&w=408&h=240&yaw=45.527607&pitch=0&thumbfov=100","1","false","/g/1tg7t5mh","es-419","-37.3163113","-59.1279474",,"miércoles","9 AM to 5 PM","jueves","9 AM to 5 PM","viernes","9 AM to 5 PM","sábado","Cerrado","domingo","Cerrado","lunes","9 AM to 5 PM","martes","9 AM to 5 PM","false","+54 249 442-6639","+542494426639","ChIJj4GquIwfkZURDTV-tBruh4Y",,,"26","24","19","3","1","1","0","2025-05-28T23:28:53.337Z","https://www.google.com/maps/search/electronica,%20tienda/@-37.31494263679804,-59.117993654290494,16z?hl=es-419","electronica, tienda","Provincia de Buenos Aires","11 de Septiembre 1057","false","Cicconi Equipos Multifuncionales, Fotocopiadoras, Copiadoras e Insumos de Impresión","4.6","https://www.google.com/maps/search/?api=1&query=Cicconi%20Equipos%20Multifuncionales%2C%20Fotocopiadoras%2C%20Copiadoras%20e%20Insumos%20de%20Impresi%C3%B3n&query_place_id=ChIJj4GquIwfkZURDTV-tBruh4Y","http://www.cicconi.com.ar/"
,,"false",,,,,,,,"true",,,,,,,,,,,,,,,,,,,,,,,,,"true",,,,,,,,,,,,"true",,,,,,,,,,,,,,,,,,,,,,,,,,,,,,,,,,,,,,,,,,,,,,,"Av. Marconi 1662, B7000 Tandil, Provincia de Buenos Aires, Argentina","Comercio",,,,,,,,,"Comercio","3673081314336726798","Tandil","false","AR","0x95911ff245e3982d:0x32f967fe9c2a5f0e",,"https://lh3.googleusercontent.com/gps-proxy/ALd4DhHl-lr9xnMsXYvmDK9SPgBzmp5-lq8WwzOrAjVZI-SQ21kuIXu7UHTP0bFE-vIah9dD9MPf9GJZQ3Rq9EVzM4nhmXpDyCVgIle1ABLPg0ARsKpL81Ac51evflWCUWbViaW8rAZk8-7R48um2SDjdu8OKazWaI_t65cKQ95Y0a-acpQgyKXRQJ-_bImI5IUpITDJRg=w408-h306-k-no","3","false","/g/1tnbm9g1","es-419","-37.3166516","-59.1231978",,"miércoles","8 AM to 5 PM","jueves","8 AM to 5 PM","viernes","8 AM to 5 PM","sábado","Cerrado","domingo","Cerrado","lunes","8 AM to 5 PM","martes","8 AM to 5 PM","false","+54 249 463-3146","+542494633146","ChIJLZjjRfIfkZURDl8qnP5n-TI","B7000",,"27","47","32","11","1","2","1","2025-05-28T23:28:53.337Z","https://www.google.com/maps/search/electronica,%20tienda/@-37.31494263679804,-59.117993654290494,16z?hl=es-419","electronica, tienda","Provincia de Buenos Aires","Av. Marconi 1662","false","Marcasso Julio","4.5","https://www.google.com/maps/search/?api=1&query=Marcasso%20Julio&query_place_id=ChIJLZjjRfIfkZURDl8qnP5n-TI",
,,,,,,,,,,,,,,,,,,,,,,,,,,,,,,,,,,,,,,,,,,,,,,,,,,,,,,,,,,,,,,,,,,,,,,,,,,,,,,,,,,,,,,,,,,,,,,"Ijurco 3191, B7000 Tandil, Provincia de Buenos Aires, Argentina","Diseñador de sitios web","Empresa de software",,,,,,,,"Diseñador de sitios web","15650409300089336464","Tandil","true","AR","0x9594467c6dc71b4d:0xd9316c56c94b7290",,"https://streetviewpixels-pa.googleapis.com/v1/thumbnail?panoid=09abNW5pam8j2vHFk5bFpA&cb_client=search.gws-prod.gps&w=408&h=240&yaw=263.73468&pitch=0&thumbfov=100","1","false","/g/1hdz6x7xg","es-419","-37.2855571","-59.1045485",,,,,,,,,,,,,,,,"false","+54 249 461-9111","+542494619111","ChIJTRvHbXxGlJURkHJLyVZsMdk","B7000",,"21","1","1","0","0","0","0","2025-05-28T23:29:03.448Z","https://www.google.com/maps/search/electronica,%20tienda/@-37.28758691039411,-59.117993654290494,16z?hl=es-419","electronica, tienda","Provincia de Buenos Aires","Ijurco 3191","false","inter UI","5","https://www.google.com/maps/search/?api=1&query=inter%20UI&query_place_id=ChIJTRvHbXxGlJURkHJLyVZsMdk",
"true",,,"true","true",,,,,,,,"true",,,,,"true",,,"true",,,,,,"true",,,"true",,,"true",,"true",,,,"true",,,"true","true",,,,,"true","true",,"true",,,"true",,,"true",,,,,,,,,,,,,,,,,,,,,,,,,,,,,,,,,,,,,,"Panamá 351, B7000 Tandil, Provincia de Buenos Aires, Argentina","Tienda de electrónica","Hipermercado","Supermercado",,,,,,,"Tienda de electrónica","15393361136575921109","Tandil","false","AR","0x95911fe78f476b3b:0xd5a034656ce93bd5",,"https://lh3.googleusercontent.com/gps-cs-s/AC9h4nodZtaCR7lrT421oJNAielB66BRtTmTDUQSg1h9qedNRunvpQR-47JsKYZx71zOwROxiHYevNsdJL8NriyD9gW3ecB0tz7tXlwdVuiYxKt4GwjIJtyldcg2FKgoklUn5_4o-hEhpA=w408-h306-k-no","3470","false","/g/1tf1cy5s","es-419","-37.3240224","-59.1144571",,"miércoles","8 AM to 10 PM","jueves","8 AM to 10 PM","viernes","8 AM to 10 PM","sábado","8 AM to 10 PM","domingo","9 AM to 10 PM","lunes","8 AM to 10 PM","martes","8 AM to 10 PM","false","+54 11 6894-1850","+541168941850","ChIJO2tHj-cfkZUR1TvpbGU0oNU","B7000",,"7","8050",,,,,,"2025-05-28T23:29:05.676Z","https://www.google.com/maps/search/electronica,%20tienda/@-37.3286205,-59.10077660858098,16z?hl=es-419","electronica, tienda","Provincia de Buenos Aires","Panamá 351","false","Carrefour Hipermercado Tandil I","4.1","https://www.google.com/maps/search/?api=1&query=Carrefour%20Hipermercado%20Tandil%20I&query_place_id=ChIJO2tHj-cfkZUR1TvpbGU0oNU","https://www.carrefour.com.ar/"
,,,,,,,,,,,,,,,,,,,,,,,,,,,,,,,,,,,,,,,,,,,,,,,,,,,,,,,,,,,,,,,,,,,,,,,,,,,,,,,,,,,,,,,,,,,,,,"Los, C. Los Tamarindos, B7000 Tandil, Provincia de Buenos Aires, Argentina","Diseñador de sitios web",,,,,,,,,"Diseñador de sitios web","499110673296109899","Tandil","false","AR","0x9590e1ae8d5320e3:0x6ed3283516bb14b",,"https://lh3.googleusercontent.com/p/AF1QipNPxobaDLQVDteF0U0hokJDfmyMZ7l81PXAW3lh=w523-h240-k-no","1","false","/g/11wc1c1bcp","es-419","-37.3228039","-59.0908681",,"miércoles","9 AM to 8 PM","jueves","9 AM to 8 PM","viernes","9 AM to 8 PM","sábado","9 AM to 8 PM","domingo","Cerrado","lunes","9 AM to 8 PM","martes","9 AM to 8 PM","false","+54 249 449-6627","+542494496627","ChIJ4yBTja7hkJURS7FrUYMy7QY","B7000",,"22","2","2","0","0","0","0","2025-05-28T23:29:06.466Z","https://www.google.com/maps/search/electronica,%20tienda/@-37.3286205,-59.10077660858098,16z?hl=es-419","electronica, tienda","Provincia de Buenos Aires","Los, C. Los Tamarindos","false","Desarrollo & Diseño Web Tandil","5","https://www.google.com/maps/search/?api=1&query=Desarrollo%20%26%20Dise%C3%B1o%20Web%20Tandil&query_place_id=ChIJ4yBTja7hkJURS7FrUYMy7QY","http://altoimpactoweb.com/"
,,,,,,,,,,,,,,,,,,,,,,,,,,,,,,,,,,,,,,,,,,,,,,,,,,,,,,,,,,,,,,,,,,,,,,,,,,,,,,,,,,,,,,,,,,,,,,"C. Andrés Macaya 1394, B7000 Tandil, Provincia de Buenos Aires, Argentina","Consultora informática","Empresa de software",,,,,,,,"Consultora informática","9930840841742419546","Tandil","false","AR","0x9590e145192fdfbb:0x89d16f2134ff865a",,"https://streetviewpixels-pa.googleapis.com/v1/thumbnail?panoid=icoS3PB85eCnac1Bkr-P3A&cb_client=search.gws-prod.gps&w=408&h=240&yaw=44.13682&pitch=0&thumbfov=100","1","false","/g/11hf756hy1","es-419","-37.3321282","-59.0924665",,,,,,,,,,,,,,,,"false","+54 249 438-2736","+542494382736","ChIJu98vGUXhkJURWob_NCFv0Yk","B7000",,"23","0",,,,,,"2025-05-28T23:29:06.466Z","https://www.google.com/maps/search/electronica,%20tienda/@-37.3286205,-59.10077660858098,16z?hl=es-419","electronica, tienda","Provincia de Buenos Aires","C. Andrés Macaya 1394","false","Temperies",,"https://www.google.com/maps/search/?api=1&query=Temperies&query_place_id=ChIJu98vGUXhkJURWob_NCFv0Yk","http://www.triptio.com/"
,,,,,,,,,,,,,,,,,,,,,,,,,,,,,,,,,,,,,,,,,,,,,,,,,,,,,,,,,,,,,,,,,,,,,,,,,,,,,,,,,,,,,,,,,,,,,,"Massini 237, B7000 Tandil, Provincia de Buenos Aires, Argentina","Empresa de software",,,,,,,,,"Empresa de software","15180744301691123771","Tandil","false","AR","0x9590e12a6f39ce89:0xd2acd682e855b83b",,"https://streetviewpixels-pa.googleapis.com/v1/thumbnail?panoid=o7KWz7ySTg7Dk2fZpVp0qw&cb_client=search.gws-prod.gps&w=408&h=240&yaw=248.6111&pitch=0&thumbfov=100","2","false","/g/11vjhq0jh0","es-419","-37.3240589","-59.1008678",,,,,,,,,,,,,,,,"false","+54 9 249 433-2529","+5492494332529","ChIJic45byrhkJURO7hV6ILWrNI","B7000",,"24","0",,,,,,"2025-05-28T23:29:06.466Z","https://www.google.com/maps/search/electronica,%20tienda/@-37.3286205,-59.10077660858098,16z?hl=es-419","electronica, tienda","Provincia de Buenos Aires","Massini 237","false","Uruz Software & Company",,"https://www.google.com/maps/search/?api=1&query=Uruz%20Software%20%26%20Company&query_place_id=ChIJic45byrhkJURO7hV6ILWrNI","https://uruz.com.ar/"
,,,,,,,,,,,,,,,,,,,,,,,,,,,,,,,,,,,,,,,,,,,,,,,,,,,,,,,,,,,,,,,,,,,,,,,,,,,,,,,,,,,,,,,,,,,,,,"B7000 Tandil, Provincia de Buenos Aires, Argentina",,,,,,,,,,,"15823860579761175907","Tandil","true","AR","0x95911f25c9636cf7:0xdb99a55bdff8bd63",,,,"false","/g/11t8gft2ff","es-419","-37.3287999","-59.1367167",,,,,,,,,,,,,,,,"false","+54 249 454-9328","+542494549328","ChIJ92xjySUfkZURY73431ulmds","B7000",,"20","0",,,,,,"2025-05-28T23:29:10.861Z","https://www.google.com/maps/search/electronica,%20tienda/@-37.34229836320196,-59.117993654290494,16z?hl=es-419","electronica, tienda","Provincia de Buenos Aires",,"false","BXA Store",,"https://www.google.com/maps/search/?api=1&query=BXA%20Store&query_place_id=ChIJ92xjySUfkZURY73431ulmds",
"true",,,"true","true",,,,,,,,"true",,,,,"true",,,"true",,,,,,"true",,,"true",,,"true","true",,,,"true",,,"true",,,"true","true",,,"true","true",,"true",,,"true",,,"true",,,,,,,,,,,,,,,,,,,,,,,,,,,,,,,,,,,,,,"Av. del Valle 334, B7000 Tandil, Provincia de Buenos Aires, Argentina","Tienda de electrónica","Supermercado","Tienda de alimentación","Hipermercado","Mayorista",,,,,"Tienda de electrónica","696862001881177440","Tandil","false","AR","0x9591202ac7dc369b:0x9abc04c6f985d60",,"https://lh3.googleusercontent.com/gps-cs-s/AC9h4no0Zav4TSO2d1u1lKv5zPtPjSfG_pHSMqRtORXSEEIllWqa_3xpNhxvmW6_d4s_dQ9UWF7DLN6KcbWwKZf6rABf85Lfp3Qlzjgm5paegX9MRIDVR7GxRASUKF_6ZM0MfoVFfV4=w408-h306-k-no","838","false","/g/1tf257tt","es-419","-37.3146034","-59.1486316",,"miércoles","7 AM to 9 PM","jueves","7 AM to 9 PM","viernes","7 AM to 9 PM","sábado","9 AM to 10 PM","domingo","9 AM to 9 PM","lunes","7 AM to 9 PM","martes","7 AM to 9 PM","false","+54 11 5150-0168","+541151500168","ChIJmzbcxyogkZURYF2Yb0zAqwk","B7000",,"11","3205",,,,,,"2025-05-28T23:29:11.352Z","https://www.google.com/maps/search/electronica,%20tienda/@-37.34229836320196,-59.18686183712855,16z?hl=es-419","electronica, tienda","Provincia de Buenos Aires","Av. del Valle 334","false","Carrefour Maxi","4","https://www.google.com/maps/search/?api=1&query=Carrefour%20Maxi&query_place_id=ChIJmzbcxyogkZURYF2Yb0zAqwk","https://www.carrefour.com.ar/"
"true",,,"true","true",,,,,,,"true",,,,"true",,,,,,,"true",,"true",,,,,,"true",,,"true",,,,"true",,,"true",,,"true","true",,,"true","true",,"true",,,,"true",,,,,,,,,,,,,,,,,,,,,,,,,,,,,,,,,,,,,,,,"9 de Julio 548, B7000 Tandil, Provincia de Buenos Aires, Argentina","Supermercado","Tienda de alimentación","Hipermercado","Mercado",,,,,,"Supermercado","1759516527634056179","Tandil","false","AR","0x95911f912e3b6b27:0x186b0ef5a60e83f3",,"https://lh3.googleusercontent.com/gps-cs-s/AC9h4nqai6B0L3zMJjdkSXvVSXwDBiKbWmUTejgL9I5cFx-H7uMJSHRO8uLl_Z_RdkZ_SXLezbxHIY1cv5OtSkwfdqGvgNhzGwMfSXotZXLafdRDivPmk_Qg6hiXk3abybt1k99bwNl3sQ=w426-h240-k-no","117","false","/g/1tdksz_j","es-419","-37.3262889","-59.1350953",,"miércoles","8 AM to 9:30 PM","jueves","8 AM to 9:30 PM","viernes","8 AM to 9:30 PM","sábado","8 AM to 9:30 PM","domingo","9 AM to 1 PM, 5 to 9 PM","lunes","8 AM to 9:30 PM","martes","8 AM to 9:30 PM","false","+54 800-444-8484","+548004448484","ChIJJ2s7LpEfkZUR84MOpvUOaxg","B7000",,"17","1793",,,,,,"2025-05-28T23:29:11.352Z","https://www.google.com/maps/search/electronica,%20tienda/@-37.34229836320196,-59.18686183712855,16z?hl=es-419","electronica, tienda","Provincia de Buenos Aires","9 de Julio 548","false","Carrefour Market","3.9","https://www.google.com/maps/search/?api=1&query=Carrefour%20Market&query_place_id=ChIJJ2s7LpEfkZUR84MOpvUOaxg","https://www.carrefour.com.ar/"
,,,,,,,,,,,,,,,,,,,,,,,,,,,,,,,,,,,,,,,,,,,,,,"true",,,,,,,,,,,,,,,,,,,,,,,,,,,,,,,,,,,,,,,,,,,,,,,,"Libertad 524, B7000 Tandil, Provincia de Buenos Aires, Argentina","Empresa de software",,,,,,,,,"Empresa de software","12573995095058076859","Tandil","false","AR","0x95911ff64a935505:0xae7fcdeb4870d4bb",,"https://streetviewpixels-pa.googleapis.com/v1/thumbnail?panoid=O_30n2TvbuBbKwgil18aNw&cb_client=search.gws-prod.gps&w=408&h=240&yaw=78.40257&pitch=0&thumbfov=100","1","false","/g/11rgcg3b_h","es-419","-37.3402821","-59.1297799",,"miércoles","8 AM to 12 PM, 4 to 8 PM","jueves","8 AM to 12 PM, 4 to 8 PM","viernes","8 AM to 12 PM, 4 to 8 PM","sábado","Cerrado","domingo","Cerrado","lunes","8 AM to 12 PM, 4 to 8 PM","martes","8 AM to 12 PM, 4 to 8 PM","false","+54 249 466-7025","+542494667025","ChIJBVWTSvYfkZURu9RwSOvNf64","B7000",,"21","1","1","0","0","0","0","2025-05-28T23:29:12.344Z","https://www.google.com/maps/search/electronica,%20tienda/@-37.34229836320196,-59.117993654290494,16z?hl=es-419","electronica, tienda","Provincia de Buenos Aires","Libertad 524","false","NVDSoftware","5","https://www.google.com/maps/search/?api=1&query=NVDSoftware&query_place_id=ChIJBVWTSvYfkZURu9RwSOvNf64","http://www.nvdsoftware.com/"
,,,,,,,,"true",,,,,,,"true",,,,,,,"true",,"true",,,,,,,"true","true","true",,,,,"true",,,"true","true",,,,,"true","true","true",,"true",,,,"true",,,,,,"true","true",,,,,,,,,,,,,,,,,,,,,,,,,,,,,,,,"9 de Julio 1007, B7000 Tandil, Provincia de Buenos Aires, Argentina","Tienda de informática",,,,,,,,,"Tienda de informática","7798256559580161301","Tandil","false","AR","0x95911feae971381d:0x6c38f9062522a515",,"https://lh3.googleusercontent.com/gps-cs-s/AC9h4npfHRxaK_Fy5Xf9JRGRornVFHcCMc9QReaLdnY-ilgm2USQr7_R8xUIKtl8eAMHNg8yFz902nl1h47kWYlRVN-VD5q0yM42UB8joe6ZhNx1s4XW64Gru6WSn_cCeuF429ezUb_r=w408-h306-k-no","49","false","/g/11f9t874j1","es-419","-37.3207787","-59.1380159",,"miércoles","9 AM to 1 PM, 4 to 8 PM","jueves","9 AM to 1 PM, 4 to 8 PM","viernes","9 AM to 1 PM, 4 to 8 PM","sábado","9 AM to 1 PM","domingo","Cerrado","lunes","9 AM to 1 PM, 4 to 8 PM","martes","9 AM to 1 PM, 4 to 8 PM","false","+54 249 457-4121","+542494574121","ChIJHThx6eofkZURFaUiJQb5OGw","B7000",,"9","73",,,,,,"2025-05-28T23:29:13.196Z","https://www.google.com/maps/search/electronica,%20tienda/@-37.31494263679804,-59.13521070000001,16z?hl=es-419","electronica, tienda","Provincia de Buenos Aires","9 de Julio 1007","false","Computacion Tandil","4.9","https://www.google.com/maps/search/?api=1&query=Computacion%20Tandil&query_place_id=ChIJHThx6eofkZURFaUiJQb5OGw","http://www.computaciontandil.com/"
"true",,,"true","true",,,,,,,"true",,,,"true",,,,,,,"true",,"true",,,,,,"true",,,,"true",,,,"true",,,"true","true",,,,,"true",,,"true",,,,,,,,,,,,,,,,,,,,,,,,,,,,,,,,,,,,,,,,,,,,"Av. Colón 1150, B7000 Tandil, Provincia de Buenos Aires, Argentina","Supermercado","Panadería","Carnicería","Tienda de fiambres","Frutería","Kiosco","Bodega",,,"Supermercado","7123510889934662499","Tandil","false","AR","0x95911f8ecbe107a1:0x62dbcb69942eab63",,"https://lh3.googleusercontent.com/gps-cs-s/AC9h4nqK2OxQpamYoPlN_x_-qNhumT-xGpNgULl5wijYAwinOCJs8VZ8BqtvzmRlCI0uvMWOopk2d5MvDEvfkv4DKvjw61DHqlVHeaVYmQ8iDwKSqZiWEH6abii9AA5Ly-Fq7clR-bOMmA=w426-h240-k-no","312","false","/g/1tf9t_ft","es-419","-37.317558","-59.134984",,"miércoles","8:30 AM to 9 PM","jueves","8:30 AM to 9 PM","viernes","8:30 AM to 9 PM","sábado","8:30 AM to 9 PM","domingo","9 AM to 9 PM","lunes","8:30 AM to 9 PM","martes","8:30 AM to 9 PM","false","+54 249 443-5034","+542494435034","ChIJoQfhy44fkZURY6sulGnL22I","B7000",,"19","3165",,,,,,"2025-05-28T23:29:13.196Z","https://www.google.com/maps/search/electronica,%20tienda/@-37.31494263679804,-59.13521070000001,16z?hl=es-419","electronica, tienda","Provincia de Buenos Aires","Av. Colón 1150","false","Supermercados Monarca","4.5","https://www.google.com/maps/search/?api=1&query=Supermercados%20Monarca&query_place_id=ChIJoQfhy44fkZURY6sulGnL22I","https://www.facebook.com/Supermercados-Monarca-206284989497589/"
"true",,,"true","true",,,,,,,"true",,,,"true",,,,,,,"true",,"true",,,,,,"true",,,,,"true",,,,"true","true",,,,,,,"true",,,"true",,,,,,,,,,,,,,,,,,,,,,,,,,,,,,,,,,,,,,,,,,,,"Av. Perón 1295, B7000 Tandil, Provincia de Buenos Aires, Argentina","Supermercado","Panadería","Carnicería","Tienda de fiambres","Frutería","Kiosco","Bodega",,,"Supermercado","1310105790979444573","Tandil","false","AR","0x95911f81fed3a5eb:0x122e6e4691830f5d",,"https://lh3.googleusercontent.com/gps-cs-s/AC9h4npJfr5uSw7rNDcLtOxmvW1ukBMCvNBvhlzaNAiLRAgBgMHjB3vCNibD_LMnNOJinPiYiRlP7-3pgx6ZHwVn842Yb63s5HmCK3pzviKUrzkfTguckTwtQ7RuTzPMKKS_AQ4HzWcM=w426-h240-k-no","79","false","/g/11bxjbqcjg","es-419","-37.3211769","-59.1497857",,"miércoles","8:30 AM to 9 PM","jueves","8:30 AM to 9 PM","viernes","8:30 AM to 9 PM","sábado","8:30 AM to 9 PM","domingo","9 AM to 1:30 PM, 4:30 to 9 PM","lunes","8:30 AM to 9 PM","martes","8:30 AM to 9 PM","false","+54 249 444-8630","+542494448630","ChIJ66XT_oEfkZURXQ-DkUZuLhI","B7000",,"26","1693","1097","391","38","136","31","2025-05-28T23:29:14.607Z","https://www.google.com/maps/search/electronica,%20tienda/@-37.31494263679804,-59.13521070000001,16z?hl=es-419","electronica, tienda","Provincia de Buenos Aires","Av. Perón 1295","false","Supermercado Monarca","4.5","https://www.google.com/maps/search/?api=1&query=Supermercado%20Monarca&query_place_id=ChIJ66XT_oEfkZURXQ-DkUZuLhI","https://www.facebook.com/Supermercados-Monarca-206284989497589/"
,,,,,,,,,"true",,,,,,,"true",,,,,,,,,,,,,,,,,,,,,,,,,,,,,,,,,,,,,,,,,,,,,,,,,,,,,,,,,,,,,,,,,,,,,,,,,,,,,,"Montevideo 556, B7000 Tandil, Provincia de Buenos Aires, Argentina","Tienda de electrónica",,,,,,,,,"Tienda de electrónica","11868236774382403479","Tandil","true","AR","0x95911f85d4a979bb:0xa4b47277374a7f97",,"https://streetviewpixels-pa.googleapis.com/v1/thumbnail?panoid=JHFa00F9rRaMkghCLM9VSQ&cb_client=search.gws-prod.gps&w=408&h=240&yaw=315.6443&pitch=0&thumbfov=100","1","false","/g/11j00r_kwc","es-419","-37.3192973","-59.141481",,,,,,,,,,,,,,,,"false",,,"ChIJu3mp1IUfkZURl39KN3dytKQ",,,"29","0",,,,,,"2025-05-28T23:29:14.607Z","https://www.google.com/maps/search/electronica,%20tienda/@-37.31494263679804,-59.13521070000001,16z?hl=es-419","electronica, tienda","Provincia de Buenos Aires","Montevideo 556","false","Audio",,"https://www.google.com/maps/search/?api=1&query=Audio&query_place_id=ChIJu3mp1IUfkZURl39KN3dytKQ",
,,,,,,,,,"true",,,,,,,"true",,,,,,,,,,,,,,,,,,,"true",,,,"true","true",,,,,,,"true","true","true",,,,,,,,,,,,,,,,,,,,,,,,,,,,,,,,,,,,,,,,,,,,,"Belgrano 857, C7000 Tandil, Provincia de Buenos Aires, Argentina","Tienda de electrónica","Tienda de ropa","Comercio",,,,,,,"Tienda de electrónica","6290224386082497869","Tandil","false","AR","0x95911fd809cf4f2f:0x574b5dc089f2654d",,"https://lh3.googleusercontent.com/p/AF1QipMjtL8SfO_LYp-JqzeIJ0gqfBbsywiqL7VMloNU=w408-h412-k-no","4","false","/g/11wr6r894m","es-419","-37.3275843","-59.1313695",,"miércoles","Abierto las 24 horas","jueves","Abierto las 24 horas","viernes","Abierto las 24 horas","sábado","Abierto las 24 horas","domingo","Abierto las 24 horas","lunes","Abierto las 24 horas","martes","Abierto las 24 horas","false","+54 223 454-4310","+542234544310","ChIJL0_PCdgfkZURTWXyicBdS1c","C7000",,"22","0",,,,,,"2025-05-28T23:29:15.887Z","https://www.google.com/maps/search/electronica,%20tienda/@-37.3286205,-59.117993654290494,16z?hl=es-419","electronica, tienda","Provincia de Buenos Aires","Belgrano 857","false","BADÚ",,"https://www.google.com/maps/search/?api=1&query=BAD%C3%9A&query_place_id=ChIJL0_PCdgfkZURTWXyicBdS1c","https://baduarg.com/"
,,,,,,,,,,,,,,,,,,,,,,,,,,,,,,,,,,,,,,,,,,,,,,,,,,,,,,,,,,,,,,,,,,,,,,,,,,,,,,,,,,,,,,,,,,,,,,"Ituzaingo 1201 esquina, Antonena, Tandil, Provincia de Buenos Aires, Argentina","Tienda de accesorios para móviles",,,,,,,,,"Tienda de accesorios para móviles","12925899686004329604","Tandil","false","AR","0x95911f86e32b6f1b:0xb3620547b29f0c84",,"https://lh3.googleusercontent.com/p/AF1QipOjN2_uLlOjVsRdaGsmM6zlENsHvPvfs6pTGtiM=w858-h240-k-no","22","false","/g/11g5zywr3w","es-419","-37.3235396","-59.1523057",,"miércoles","9 AM to 1 PM, 4:30 to 8:30 PM","jueves","9 AM to 1 PM, 4:30 to 8:30 PM","viernes","9 AM to 1 PM, 4:30 to 8:30 PM","sábado","9 AM to 1 PM","domingo","Cerrado","lunes","9 AM to 1 PM, 4:30 to 8:30 PM","martes","9 AM to 1 PM, 4:30 to 8:30 PM","false","+54 249 458-3854","+542494583854","ChIJG28r44YfkZURhAyfskcFYrM",,,"7","24",,,,,,"2025-05-28T23:29:18.258Z","https://www.google.com/maps/search/electronica,%20tienda/@-37.31494263679804,-59.152427745709524,16z?hl=es-419","electronica, tienda","Provincia de Buenos Aires","Ituzaingo 1201 esquina, Antonena","false","Wonder Tech","4.3","https://www.google.com/maps/search/?api=1&query=Wonder%20Tech&query_place_id=ChIJG28r44YfkZURhAyfskcFYrM","https://www.instagram.com/wondertech_tandil?igsh=MXV4b2E4NjkzNGhvZA=="
,,,,,,,,,,,,,,,,,,,,,,,,,,,,,,,,,,,,"true",,"true",,,,,,,,,,,,,,,,,,,,,,,,,,,,,,,,,,,,,,,,,,,,,,,,,,,,,,,,"14 de Julio 770, B7000 Tandil, Provincia de Buenos Aires, Argentina",,,,,,,,,,,"10892399451181506097","Tandil","false","AR","0x95911f9b04cf3e27:0x9729939727555e31",,"https://lh3.googleusercontent.com/gps-cs-s/AC9h4nrP3ou0ztCfN0VkIhK_4BqY4ELIU1vJBTSrff2e4ZY_BfgX2O4JebYSQXBMUaDiDTCIdY98ngih1WUFsXjKQTr0jIiH1qq4j5T3eeSvK2nHX4t8ObN-Vy_BxnqclAxBSE3cLSEV=w426-h240-k-no","15","false","/g/1tdmlndr","es-419","-37.3259707","-59.1419259",,"miércoles","8:30 AM to 12:30 PM, 4 to 8 PM","jueves","8:30 AM to 12:30 PM, 4 to 8 PM","viernes","8:30 AM to 12:30 PM, 4 to 8 PM","sábado","Cerrado","domingo","Cerrado","lunes","8:30 AM to 12:30 PM, 4 to 8 PM","martes","8:30 AM to 12:30 PM, 4 to 8 PM","false","+54 249 442-6636","+542494426636","ChIJJz7PBJsfkZURMV5VJ5eTKZc","B7000",,"17","44",,,,,,"2025-05-28T23:29:18.985Z","https://www.google.com/maps/search/electronica,%20tienda/@-37.3286205,-59.152427745709524,16z?hl=es-419","electronica, tienda","Provincia de Buenos Aires","14 de Julio 770","false","Zangar Electrónica Sistemas de Seguridad Hogar y Automotor Automatización de Portones","4.1","https://www.google.com/maps/search/?api=1&query=Zangar%20Electr%C3%B3nica%20Sistemas%20de%20Seguridad%20Hogar%20y%20Automotor%20Automatizaci%C3%B3n%20de%20Portones&query_place_id=ChIJJz7PBJsfkZURMV5VJ5eTKZc","http://www.zangarelectronica.com.ar/"
,,,,,,,,,"true",,,,,,,,,"true",,,"true",,,,,,,,,,,,"true",,,,,"true",,,"true","true",,,,,"true",,,,"true",,,,,,,,,,,,,,,,,,,,,,,,,,,,,,,,,,,,,,,,,,,"Belgrano 684, B7000 Tandil, Provincia de Buenos Aires, Argentina","Tienda de artículos para el hogar",,,,,,,,,"Tienda de artículos para el hogar","6389375195898037796","Tandil","false","AR","0x95911f968da09a97:0x58ab9ee36831c624",,"https://lh3.googleusercontent.com/gps-cs-s/AC9h4no0DG3zoKK9sQ8w1DTLTJstDZJLDnlA2T1PpEdA-QX1Esdr75lIl4idynnivtqUGn4JBp4LkNyqBg4Tw0_p1JM1O-wP3z855RbqW1Nh-K542T3oWkSXd-3Zlozw2_X8f9XH9E7P=w408-h306-k-no","18","false","/g/1tdx59dj","es-419","-37.3284011","-59.1340925",,"miércoles","8:30 AM to 12:30 PM, 4 to 8 PM","jueves","8:30 AM to 12:30 PM, 4 to 8 PM","viernes","8:30 AM to 12:30 PM, 4 to 8 PM","sábado","8:30 AM to 12:30 PM, 4 to 8 PM","domingo","Cerrado","lunes","8:30 AM to 12:30 PM, 4 to 8 PM","martes","8:30 AM to 12:30 PM, 4 to 8 PM","false","+54 249 444-3999","+542494443999","ChIJl5qgjZYfkZURJMYxaOOeq1g","B7000",,"18","545",,,,,,"2025-05-28T23:29:20.002Z","https://www.google.com/maps/search/electronica,%20tienda/@-37.3286205,-59.13521070000001,16z?hl=es-419","electronica, tienda","Provincia de Buenos Aires","Belgrano 684","false","Naldo - Tandil","4.2","https://www.google.com/maps/search/?api=1&query=Naldo%20-%20Tandil&query_place_id=ChIJl5qgjZYfkZURJMYxaOOeq1g","http://www.naldo.com.ar/"
